age,income,score,zipcode,city,extra_data
0.23809523809523814,0.8125,0.82,90210,Beverly,
0.7619047619047619,0.625,0.91,10001,New York,42.0
0.0,0.0,,60614,Chicago,
1.0,1.0,0.76,94103,SF,
0.4285714285714284,0.625,0.88,73301,Austin,
0.5,0.625,0.65,12345,Unknown,5.0
0.5714285714285714,0.4375,0.79,94105,San Francisco,
